GenesSet	SDY	Rsq
A	GSE107990	0.732510638
A	SDY1119_PBMC_oldHealthy	0.933744681
A	SDY1119_PBMC_youngHealthy	0.777170213
A	SDY1119_PBMC_youngT2D	0.928521277
A	SDY112_Other_GroupA	0.824042553
A	SDY112_Other_GroupB	0.888574468
A	SDY112_Other_GroupC	0.844351064
A	SDY113_Other_IDTIV	0.84312766
A	SDY113_Other_TIV	0.836553191
A	SDY1276_WholeBlood_Discovery	0.833914894
A	SDY1276_WholeBlood_Validation	0.791212766
A	SDY144_Other_TIV	0.812468085
A	SDY212_PBMC_Older	0.85237234
A	SDY212_PBMC_Young	0.802510638
A	SDY212_WholeBlood_Older	0.919276596
A	SDY212_WholeBlood_Young	0.878446809
A	SDY269_PBMC_TIV	0.845968085
A	SDY270_PBMC_TIVGroup	0.856446809
A	SDY296_WholeBlood_AIRFV	0.871829787
A	SDY301_Other_AIRFV	0.854531915
A	SDY305_Other_TIV	0.825234043
A	SDY311_GroupA	0.757148936
A	SDY311_GroupB	0.830617021
A	SDY311_GroupC	0.776212766
A	SDY312_Other_GroupA	0.753319149
A	SDY312_Other_GroupB	0.829106383
A	SDY312_Other_GroupC	0.861893617
A	SDY315_Other_GroupA	0.827340426
A	SDY315_Other_GroupB	0.866404255
A	SDY315_Other_GroupC	0.899148936
A	SDY364_WholeBlood_NCH2012	0.848542553
A	SDY368_WholeBlood_NCH2013	0.84737234
A	SDY372_WholeBlood_JDM2012	0.699191489
A	SDY387_WholeBlood_NCH2010	0.866404255
A	SDY400_PBMC_Older	0.761978723
A	SDY400_PBMC_Young	0.871553191
A	SDY404_PBMC_Older	0.798957447
A	SDY404_PBMC_Young	0.852489362
A	SDY520_WholeBlood_Older	0.734457447
A	SDY520_WholeBlood_Young	0.780478723
A	SDY56_PBMC_Older	0.849595745
A	SDY56_PBMC_Young	0.801829787
A	SDY63_PBMC_Young	0.894404255
A	SDY67_PBMC_HealthyAdults	0.846914894
A	SDY739_old	0.848723404
A	SDY739_young	0.87093617
A	SDY80_PBMC_Cohort2	0.835106383
B	GSE107990	0.626680851
B	SDY1119_PBMC_oldHealthy	0.710319149
B	SDY1119_PBMC_youngHealthy	0.537335106
B	SDY1119_PBMC_youngT2D	0.729723404
B	SDY112_Other_GroupA	0.714404255
B	SDY112_Other_GroupB	0.656744681
B	SDY112_Other_GroupC	0.624202128
B	SDY113_Other_IDTIV	0.567446809
B	SDY113_Other_TIV	0.54412766
B	SDY1276_WholeBlood_Discovery	0.368659574
B	SDY1276_WholeBlood_Validation	0.604468085
B	SDY144_Other_TIV	0.587920213
B	SDY212_PBMC_Older	0.634228723
B	SDY212_PBMC_Young	0.663276596
B	SDY212_WholeBlood_Older	0.587920213
B	SDY212_WholeBlood_Young	0.471
B	SDY269_PBMC_TIV	0.494319149
B	SDY270_PBMC_TIVGroup	0.541143617
B	SDY296_WholeBlood_AIRFV	0.66693617
B	SDY301_Other_AIRFV	0.617154255
B	SDY305_Other_TIV	0.539675532
B	SDY311_GroupA	0.679148936
B	SDY311_GroupB	0.656553191
B	SDY311_GroupC	0.780702128
B	SDY312_Other_GroupA	0.743734043
B	SDY312_Other_GroupB	0.653095745
B	SDY312_Other_GroupC	0.442297872
B	SDY315_Other_GroupA	0.629617021
B	SDY315_Other_GroupB	0.648978723
B	SDY315_Other_GroupC	0.69062766
B	SDY364_WholeBlood_NCH2012	0.646446809
B	SDY368_WholeBlood_NCH2013	0.683409574
B	SDY372_WholeBlood_JDM2012	0.693744681
B	SDY387_WholeBlood_NCH2010	0.643132979
B	SDY400_PBMC_Older	0.659994681
B	SDY400_PBMC_Young	0.719617021
B	SDY404_PBMC_Older	0.565148936
B	SDY404_PBMC_Young	0.474148936
B	SDY520_WholeBlood_Older	0.681510638
B	SDY520_WholeBlood_Young	0.634797872
B	SDY56_PBMC_Older	0.687265957
B	SDY56_PBMC_Young	0.61412234
B	SDY63_PBMC_Young	0.437138298
B	SDY67_PBMC_HealthyAdults	0.575393617
B	SDY739_old	0.591010638
B	SDY739_young	0.537712766
B	SDY80_PBMC_Cohort2	0.56906383
C	GSE107990	0.674808511
C	SDY1119_PBMC_oldHealthy	0.580180851
C	SDY1119_PBMC_youngHealthy	0.740117021
C	SDY1119_PBMC_youngT2D	0.388739362
C	SDY112_Other_GroupA	0.638340426
C	SDY112_Other_GroupB	0.65493617
C	SDY112_Other_GroupC	0.652255319
C	SDY113_Other_IDTIV	0.44087234
C	SDY113_Other_TIV	0.571297872
C	SDY1276_WholeBlood_Discovery	0.519840426
C	SDY1276_WholeBlood_Validation	0.561723404
C	SDY144_Other_TIV	0.487255319
C	SDY212_PBMC_Older	0.538138298
C	SDY212_PBMC_Young	0.526053191
C	SDY212_WholeBlood_Older	0.566457447
C	SDY212_WholeBlood_Young	0.569728723
C	SDY269_PBMC_TIV	0.635734043
C	SDY270_PBMC_TIVGroup	0.629324468
C	SDY296_WholeBlood_AIRFV	0.570734043
C	SDY301_Other_AIRFV	0.575148936
C	SDY305_Other_TIV	0.350446809
C	SDY311_GroupA	0.676053191
C	SDY311_GroupB	0.562085106
C	SDY311_GroupC	0.65493617
C	SDY312_Other_GroupA	0.464659574
C	SDY312_Other_GroupB	0.434755319
C	SDY312_Other_GroupC	0.316351064
C	SDY315_Other_GroupA	0.519840426
C	SDY315_Other_GroupB	0.562085106
C	SDY315_Other_GroupC	0.508994681
C	SDY364_WholeBlood_NCH2012	0.600925532
C	SDY368_WholeBlood_NCH2013	0.571601064
C	SDY372_WholeBlood_JDM2012	0.65493617
C	SDY387_WholeBlood_NCH2010	0.577037234
C	SDY400_PBMC_Older	0.495202128
C	SDY400_PBMC_Young	0.557202128
C	SDY404_PBMC_Older	0.533234043
C	SDY404_PBMC_Young	0.573457447
C	SDY520_WholeBlood_Older	0.502585106
C	SDY520_WholeBlood_Young	0.496904255
C	SDY56_PBMC_Older	0.734638298
C	SDY56_PBMC_Young	0.494319149
C	SDY63_PBMC_Young	0.613069149
C	SDY67_PBMC_HealthyAdults	0.489744681
C	SDY739_old	0.541851064
C	SDY739_young	0.548835106
C	SDY80_PBMC_Cohort2	0.339574468
D	GSE107990	0.768765957
D	SDY1119_PBMC_oldHealthy	0.732212766
D	SDY1119_PBMC_youngHealthy	0.793191489
D	SDY1119_PBMC_youngT2D	0.79562766
D	SDY112_Other_GroupA	0.71012766
D	SDY112_Other_GroupB	0.80662766
D	SDY112_Other_GroupC	0.774478723
D	SDY113_Other_IDTIV	0.789744681
D	SDY113_Other_TIV	0.89606383
D	SDY1276_WholeBlood_Discovery	0.757680851
D	SDY1276_WholeBlood_Validation	0.840617021
D	SDY144_Other_TIV	0.75593617
D	SDY212_PBMC_Older	0.830808511
D	SDY212_PBMC_Young	0.88512766
D	SDY212_WholeBlood_Older	0.776212766
D	SDY212_WholeBlood_Young	0.862287234
D	SDY269_PBMC_TIV	0.813946809
D	SDY270_PBMC_TIVGroup	0.836702128
D	SDY296_WholeBlood_AIRFV	0.786808511
D	SDY301_Other_AIRFV	0.800553191
D	SDY305_Other_TIV	0.839510638
D	SDY311_GroupA	0.714776596
D	SDY311_GroupB	0.806851064
D	SDY311_GroupC	0.825457447
D	SDY312_Other_GroupA	0.828170213
D	SDY312_Other_GroupB	0.747074468
D	SDY312_Other_GroupC	0.791010638
D	SDY315_Other_GroupA	0.757680851
D	SDY315_Other_GroupB	0.941787234
D	SDY315_Other_GroupC	0.859276596
D	SDY364_WholeBlood_NCH2012	0.831042553
D	SDY368_WholeBlood_NCH2013	0.813106383
D	SDY372_WholeBlood_JDM2012	0.77087234
D	SDY387_WholeBlood_NCH2010	0.807361702
D	SDY400_PBMC_Older	0.749680851
D	SDY400_PBMC_Young	0.772212766
D	SDY404_PBMC_Older	0.717212766
D	SDY404_PBMC_Young	0.779159574
D	SDY520_WholeBlood_Older	0.608861702
D	SDY520_WholeBlood_Young	0.864042553
D	SDY56_PBMC_Older	0.769718085
D	SDY56_PBMC_Young	0.836702128
D	SDY63_PBMC_Young	0.717414894
D	SDY67_PBMC_HealthyAdults	0.80156383
D	SDY739_old	0.809138298
D	SDY739_young	0.820404255
D	SDY80_PBMC_Cohort2	0.806148936
E	GSE107990	0.557521277
E	SDY1119_PBMC_oldHealthy	0.582845745
E	SDY1119_PBMC_youngHealthy	0.726361702
E	SDY1119_PBMC_youngT2D	0.671712766
E	SDY112_Other_GroupA	0.651170213
E	SDY112_Other_GroupB	0.710319149
E	SDY112_Other_GroupC	0.668457447
E	SDY113_Other_IDTIV	0.554808511
E	SDY113_Other_TIV	0.594867021
E	SDY1276_WholeBlood_Discovery	0.578228723
E	SDY1276_WholeBlood_Validation	0.600340426
E	SDY144_Other_TIV	0.616925532
E	SDY212_PBMC_Older	0.496574468
E	SDY212_PBMC_Young	0.715196809
E	SDY212_WholeBlood_Older	0.594042553
E	SDY212_WholeBlood_Young	0.577691489
E	SDY269_PBMC_TIV	0.569728723
E	SDY270_PBMC_TIVGroup	0.667648936
E	SDY296_WholeBlood_AIRFV	0.663276596
E	SDY301_Other_AIRFV	0.602680851
E	SDY305_Other_TIV	0.607734043
E	SDY311_GroupA	0.517489362
E	SDY311_GroupB	0.561021277
E	SDY311_GroupC	0.57987766
E	SDY312_Other_GroupA	0.428882979
E	SDY312_Other_GroupB	0.522648936
E	SDY312_Other_GroupC	0.709085106
E	SDY315_Other_GroupA	0.687085106
E	SDY315_Other_GroupB	0.44306383
E	SDY315_Other_GroupC	0.697952128
E	SDY364_WholeBlood_NCH2012	0.691244681
E	SDY368_WholeBlood_NCH2013	0.62637234
E	SDY372_WholeBlood_JDM2012	0.706446809
E	SDY387_WholeBlood_NCH2010	0.637489362
E	SDY400_PBMC_Older	0.674553191
E	SDY400_PBMC_Young	0.665973404
E	SDY404_PBMC_Older	0.671276596
E	SDY404_PBMC_Young	0.592819149
E	SDY520_WholeBlood_Older	0.617154255
E	SDY520_WholeBlood_Young	0.69062766
E	SDY56_PBMC_Older	0.516138298
E	SDY56_PBMC_Young	0.564781915
E	SDY63_PBMC_Young	0.776851064
E	SDY67_PBMC_HealthyAdults	0.70993617
E	SDY739_old	0.824042553
E	SDY739_young	0.385425532
E	SDY80_PBMC_Cohort2	0.663553191
F	GSE107990	0.591606383
F	SDY1119_PBMC_oldHealthy	0.673819149
F	SDY1119_PBMC_youngHealthy	0.649457447
F	SDY1119_PBMC_youngT2D	0.435553191
F	SDY112_Other_GroupA	0.514265957
F	SDY112_Other_GroupB	0.503414894
F	SDY112_Other_GroupC	0.356489362
F	SDY113_Other_IDTIV	0.492553191
F	SDY113_Other_TIV	0.351957447
F	SDY1276_WholeBlood_Discovery	0.321744681
F	SDY1276_WholeBlood_Validation	0.527989362
F	SDY144_Other_TIV	0.446787234
F	SDY212_PBMC_Older	0.438638298
F	SDY212_PBMC_Young	0.535638298
F	SDY212_WholeBlood_Older	0.564781915
F	SDY212_WholeBlood_Young	0.432957447
F	SDY269_PBMC_TIV	0.509691489
F	SDY270_PBMC_TIVGroup	0.393829787
F	SDY296_WholeBlood_AIRFV	0.487255319
F	SDY301_Other_AIRFV	0.580180851
F	SDY305_Other_TIV	0.524978723
F	SDY311_GroupA	0.539675532
F	SDY311_GroupB	0.520638298
F	SDY311_GroupC	0.482776596
F	SDY312_Other_GroupA	0.510452128
F	SDY312_Other_GroupB	0.561361702
F	SDY312_Other_GroupC	0.522255319
F	SDY315_Other_GroupA	0.644148936
F	SDY315_Other_GroupB	0.536085106
F	SDY315_Other_GroupC	0.572170213
F	SDY364_WholeBlood_NCH2012	0.49087234
F	SDY368_WholeBlood_NCH2013	0.419042553
F	SDY372_WholeBlood_JDM2012	0.627712766
F	SDY387_WholeBlood_NCH2010	0.536957447
F	SDY400_PBMC_Older	0.633632979
F	SDY400_PBMC_Young	0.618824468
F	SDY404_PBMC_Older	0.582845745
F	SDY404_PBMC_Young	0.609861702
F	SDY520_WholeBlood_Older	0.557202128
F	SDY520_WholeBlood_Young	0.463734043
F	SDY56_PBMC_Older	0.543351064
F	SDY56_PBMC_Young	0.28506383
F	SDY63_PBMC_Young	0.455680851
F	SDY67_PBMC_HealthyAdults	0.434755319
F	SDY739_old	0.648978723
F	SDY739_young	0.369861702
F	SDY80_PBMC_Cohort2	0.55237234
G	GSE107990	0.557521277
G	SDY1119_PBMC_oldHealthy	0.714590426
G	SDY1119_PBMC_youngHealthy	0.663
G	SDY1119_PBMC_youngT2D	0.512212766
G	SDY112_Other_GroupA	0.667207447
G	SDY112_Other_GroupB	0.61493617
G	SDY112_Other_GroupC	0.447510638
G	SDY113_Other_IDTIV	0.706446809
G	SDY113_Other_TIV	0.600925532
G	SDY1276_WholeBlood_Discovery	0.564101064
G	SDY1276_WholeBlood_Validation	0.506244681
G	SDY144_Other_TIV	0.62018617
G	SDY212_PBMC_Older	0.55443617
G	SDY212_PBMC_Young	0.602425532
G	SDY212_WholeBlood_Older	0.446787234
G	SDY212_WholeBlood_Young	0.49087234
G	SDY269_PBMC_TIV	0.535638298
G	SDY270_PBMC_TIVGroup	0.493718085
G	SDY296_WholeBlood_AIRFV	0.594595745
G	SDY301_Other_AIRFV	0.548510638
G	SDY305_Other_TIV	0.496244681
G	SDY311_GroupA	0.558265957
G	SDY311_GroupB	0.577361702
G	SDY311_GroupC	0.424414894
G	SDY312_Other_GroupA	0.610867021
G	SDY312_Other_GroupB	0.66906383
G	SDY312_Other_GroupC	0.696404255
G	SDY315_Other_GroupA	0.602170213
G	SDY315_Other_GroupB	0.569728723
G	SDY315_Other_GroupC	0.602170213
G	SDY364_WholeBlood_NCH2012	0.451909574
G	SDY368_WholeBlood_NCH2013	0.390930851
G	SDY372_WholeBlood_JDM2012	0.353468085
G	SDY387_WholeBlood_NCH2010	0.492553191
G	SDY400_PBMC_Older	0.77812766
G	SDY400_PBMC_Young	0.390930851
G	SDY404_PBMC_Older	0.445382979
G	SDY404_PBMC_Young	0.614654255
G	SDY520_WholeBlood_Older	0.502585106
G	SDY520_WholeBlood_Young	0.584792553
G	SDY56_PBMC_Older	0.539329787
G	SDY56_PBMC_Young	0.574095745
G	SDY63_PBMC_Young	0.446787234
G	SDY67_PBMC_HealthyAdults	0.404069149
G	SDY739_old	0.571601064
G	SDY739_young	0.524553191
G	SDY80_PBMC_Cohort2	0.384340426
H	GSE107990	0.674808511
H	SDY1119_PBMC_oldHealthy	0.719617021
H	SDY1119_PBMC_youngHealthy	0.753319149
H	SDY1119_PBMC_youngT2D	0.700553191
H	SDY112_Other_GroupA	0.55406383
H	SDY112_Other_GroupB	0.665212766
H	SDY112_Other_GroupC	0.619882979
H	SDY113_Other_IDTIV	0.70137766
H	SDY113_Other_TIV	0.561021277
H	SDY1276_WholeBlood_Discovery	0.693021277
H	SDY1276_WholeBlood_Validation	0.716930851
H	SDY144_Other_TIV	0.749957447
H	SDY212_PBMC_Older	0.721521277
H	SDY212_PBMC_Young	0.63087766
H	SDY212_WholeBlood_Older	0.782021277
H	SDY212_WholeBlood_Young	0.671276596
H	SDY269_PBMC_TIV	0.654255319
H	SDY270_PBMC_TIVGroup	0.712441489
H	SDY296_WholeBlood_AIRFV	0.678553191
H	SDY301_Other_AIRFV	0.693021277
H	SDY305_Other_TIV	0.491430851
H	SDY311_GroupA	0.732510638
H	SDY311_GroupB	0.70993617
H	SDY311_GroupC	0.646696809
H	SDY312_Other_GroupA	0.735297872
H	SDY312_Other_GroupB	0.667207447
H	SDY312_Other_GroupC	0.643132979
H	SDY315_Other_GroupA	0.538138298
H	SDY315_Other_GroupB	0.510042553
H	SDY315_Other_GroupC	0.506914894
H	SDY364_WholeBlood_NCH2012	0.71912766
H	SDY368_WholeBlood_NCH2013	0.66393617
H	SDY372_WholeBlood_JDM2012	0.730191489
H	SDY387_WholeBlood_NCH2010	0.657478723
H	SDY400_PBMC_Older	0.557893617
H	SDY400_PBMC_Young	0.588893617
H	SDY404_PBMC_Older	0.571904255
H	SDY404_PBMC_Young	0.715840426
H	SDY520_WholeBlood_Older	0.612765957
H	SDY520_WholeBlood_Young	0.771468085
H	SDY56_PBMC_Older	0.749297872
H	SDY56_PBMC_Young	0.640526596
H	SDY63_PBMC_Young	0.749957447
H	SDY67_PBMC_HealthyAdults	0.662723404
H	SDY739_old	0.533234043
H	SDY739_young	0.580180851
H	SDY80_PBMC_Cohort2	0.683734043
I	GSE107990	0.716356383
I	SDY1119_PBMC_oldHealthy	0.865723404
I	SDY1119_PBMC_youngHealthy	0.747829787
I	SDY1119_PBMC_youngT2D	0.734457447
I	SDY112_Other_GroupA	0.760574468
I	SDY112_Other_GroupB	0.759170213
I	SDY112_Other_GroupC	0.803851064
I	SDY113_Other_IDTIV	0.802351064
I	SDY113_Other_TIV	0.771957447
I	SDY1276_WholeBlood_Discovery	0.785595745
I	SDY1276_WholeBlood_Validation	0.785808511
I	SDY144_Other_TIV	0.824638298
I	SDY212_PBMC_Older	0.854702128
I	SDY212_PBMC_Young	0.709425532
I	SDY212_WholeBlood_Older	0.749297872
I	SDY212_WholeBlood_Young	0.796074468
I	SDY269_PBMC_TIV	0.791212766
I	SDY270_PBMC_TIVGroup	0.814819149
I	SDY296_WholeBlood_AIRFV	0.804212766
I	SDY301_Other_AIRFV	0.75412234
I	SDY305_Other_TIV	0.61337234
I	SDY311_GroupA	0.793468085
I	SDY311_GroupB	0.694180851
I	SDY311_GroupC	0.707095745
I	SDY312_Other_GroupA	0.751212766
I	SDY312_Other_GroupB	0.780478723
I	SDY312_Other_GroupC	0.783297872
I	SDY315_Other_GroupA	0.802010638
I	SDY315_Other_GroupB	0.714404255
I	SDY315_Other_GroupC	0.780702128
I	SDY364_WholeBlood_NCH2012	0.853234043
I	SDY368_WholeBlood_NCH2013	0.798223404
I	SDY372_WholeBlood_JDM2012	0.673319149
I	SDY387_WholeBlood_NCH2010	0.827510638
I	SDY400_PBMC_Older	0.871829787
I	SDY400_PBMC_Young	0.704638298
I	SDY404_PBMC_Older	0.80506383
I	SDY404_PBMC_Young	0.775404255
I	SDY520_WholeBlood_Older	0.725606383
I	SDY520_WholeBlood_Young	0.765382979
I	SDY56_PBMC_Older	0.791680851
I	SDY56_PBMC_Young	0.841106383
I	SDY63_PBMC_Young	0.882744681
I	SDY67_PBMC_HealthyAdults	0.773787234
I	SDY739_old	0.589244681
I	SDY739_young	0.646223404
I	SDY80_PBMC_Cohort2	0.739329787
J	GSE107990	0.539675532
J	SDY1119_PBMC_oldHealthy	0.696904255
J	SDY1119_PBMC_youngHealthy	0.533234043
J	SDY1119_PBMC_youngT2D	0.585840426
J	SDY112_Other_GroupA	0.61062766
J	SDY112_Other_GroupB	0.674297872
J	SDY112_Other_GroupC	0.546329787
J	SDY113_Other_IDTIV	0.483281915
J	SDY113_Other_TIV	0.599579787
J	SDY1276_WholeBlood_Discovery	0.556191489
J	SDY1276_WholeBlood_Validation	0.432281915
J	SDY144_Other_TIV	0.576117021
J	SDY212_PBMC_Older	0.516595745
J	SDY212_PBMC_Young	0.608579787
J	SDY212_WholeBlood_Older	0.551755319
J	SDY212_WholeBlood_Young	0.75593617
J	SDY269_PBMC_TIV	0.641808511
J	SDY270_PBMC_TIVGroup	0.537335106
J	SDY296_WholeBlood_AIRFV	0.451276596
J	SDY301_Other_AIRFV	0.593101064
J	SDY305_Other_TIV	0.534351064
J	SDY311_GroupA	0.603643617
J	SDY311_GroupB	0.465351064
J	SDY311_GroupC	0.680845745
J	SDY312_Other_GroupA	0.629031915
J	SDY312_Other_GroupB	0.620489362
J	SDY312_Other_GroupC	0.597138298
J	SDY315_Other_GroupA	0.408744681
J	SDY315_Other_GroupB	0.531457447
J	SDY315_Other_GroupC	0.469664894
J	SDY364_WholeBlood_NCH2012	0.676595745
J	SDY368_WholeBlood_NCH2013	0.502957447
J	SDY372_WholeBlood_JDM2012	0.403191489
J	SDY387_WholeBlood_NCH2010	0.579574468
J	SDY400_PBMC_Older	0.345691489
J	SDY400_PBMC_Young	0.663276596
J	SDY404_PBMC_Older	0.397840426
J	SDY404_PBMC_Young	0.637489362
J	SDY520_WholeBlood_Older	0.47012766
J	SDY520_WholeBlood_Young	0.539675532
J	SDY56_PBMC_Older	0.617840426
J	SDY56_PBMC_Young	0.468856383
J	SDY63_PBMC_Young	0.589244681
J	SDY67_PBMC_HealthyAdults	0.512212766
J	SDY739_old	0.581882979
J	SDY739_young	0.555117021
J	SDY80_PBMC_Cohort2	0.618531915
K	GSE107990	0.674808511
K	SDY1119_PBMC_oldHealthy	0.463170213
K	SDY1119_PBMC_youngHealthy	0.422893617
K	SDY1119_PBMC_youngT2D	0.571601064
K	SDY112_Other_GroupA	0.56806383
K	SDY112_Other_GroupB	0.570734043
K	SDY112_Other_GroupC	0.634228723
K	SDY113_Other_IDTIV	0.616276596
K	SDY113_Other_TIV	0.576712766
K	SDY1276_WholeBlood_Discovery	0.674808511
K	SDY1276_WholeBlood_Validation	0.54412766
K	SDY144_Other_TIV	0.713957447
K	SDY212_PBMC_Older	0.626930851
K	SDY212_PBMC_Young	0.582180851
K	SDY212_WholeBlood_Older	0.545340426
K	SDY212_WholeBlood_Young	0.620797872
K	SDY269_PBMC_TIV	0.673569149
K	SDY270_PBMC_TIVGroup	0.476553191
K	SDY296_WholeBlood_AIRFV	0.674978723
K	SDY301_Other_AIRFV	0.651170213
K	SDY305_Other_TIV	0.669978723
K	SDY311_GroupA	0.698180851
K	SDY311_GroupB	0.557202128
K	SDY311_GroupC	0.737170213
K	SDY312_Other_GroupA	0.649771277
K	SDY312_Other_GroupB	0.650574468
K	SDY312_Other_GroupC	0.621989362
K	SDY315_Other_GroupA	0.436351064
K	SDY315_Other_GroupB	0.523398936
K	SDY315_Other_GroupC	0.455132979
K	SDY364_WholeBlood_NCH2012	0.563244681
K	SDY368_WholeBlood_NCH2013	0.636574468
K	SDY372_WholeBlood_JDM2012	0.684989362
K	SDY387_WholeBlood_NCH2010	0.547765957
K	SDY400_PBMC_Older	0.688808511
K	SDY400_PBMC_Young	0.65625
K	SDY404_PBMC_Older	0.548510638
K	SDY404_PBMC_Young	0.651702128
K	SDY520_WholeBlood_Older	0.487255319
K	SDY520_WholeBlood_Young	0.536521277
K	SDY56_PBMC_Older	0.555117021
K	SDY56_PBMC_Young	0.463734043
K	SDY63_PBMC_Young	0.623
K	SDY67_PBMC_HealthyAdults	0.602425532
K	SDY739_old	0.574095745
K	SDY739_young	0.611106383
K	SDY80_PBMC_Cohort2	0.542244681
L	GSE107990	0.66393617
L	SDY1119_PBMC_oldHealthy	0.604218085
L	SDY1119_PBMC_youngHealthy	0.57243617
L	SDY1119_PBMC_youngT2D	0.429702128
L	SDY112_Other_GroupA	0.530819149
L	SDY112_Other_GroupB	0.65493617
L	SDY112_Other_GroupC	0.636914894
L	SDY113_Other_IDTIV	0.58762766
L	SDY113_Other_TIV	0.231234043
L	SDY1276_WholeBlood_Discovery	0.705510638
L	SDY1276_WholeBlood_Validation	0.422893617
L	SDY144_Other_TIV	0.696148936
L	SDY212_PBMC_Older	0.562962766
L	SDY212_PBMC_Young	0.559728723
L	SDY212_WholeBlood_Older	0.585510638
L	SDY212_WholeBlood_Young	0.409765957
L	SDY269_PBMC_TIV	0.537712766
L	SDY270_PBMC_TIVGroup	0.562085106
L	SDY296_WholeBlood_AIRFV	0.589595745
L	SDY301_Other_AIRFV	0.55406383
L	SDY305_Other_TIV	0.684989362
L	SDY311_GroupA	0.552702128
L	SDY311_GroupB	0.576712766
L	SDY311_GroupC	0.489744681
L	SDY312_Other_GroupA	0.639468085
L	SDY312_Other_GroupB	0.631851064
L	SDY312_Other_GroupC	0.608579787
L	SDY315_Other_GroupA	0.531457447
L	SDY315_Other_GroupB	0.498010638
L	SDY315_Other_GroupC	0.59012766
L	SDY364_WholeBlood_NCH2012	0.670489362
L	SDY368_WholeBlood_NCH2013	0.523941489
L	SDY372_WholeBlood_JDM2012	0.531723404
L	SDY387_WholeBlood_NCH2010	0.699691489
L	SDY400_PBMC_Older	0.481218085
L	SDY400_PBMC_Young	0.480680851
L	SDY404_PBMC_Older	0.522255319
L	SDY404_PBMC_Young	0.587356383
L	SDY520_WholeBlood_Older	0.608861702
L	SDY520_WholeBlood_Young	0.63087766
L	SDY56_PBMC_Older	0.400531915
L	SDY56_PBMC_Young	0.605808511
L	SDY63_PBMC_Young	0.468856383
L	SDY67_PBMC_HealthyAdults	0.50062766
L	SDY739_old	0.606297872
L	SDY739_young	0.62537234
L	SDY80_PBMC_Cohort2	0.405882979
M	GSE107990	0.50112766
M	SDY1119_PBMC_oldHealthy	0.506914894
M	SDY1119_PBMC_youngHealthy	0.453553191
M	SDY1119_PBMC_youngT2D	0.539675532
M	SDY112_Other_GroupA	0.461468085
M	SDY112_Other_GroupB	0.496904255
M	SDY112_Other_GroupC	0.50387234
M	SDY113_Other_IDTIV	0.483281915
M	SDY113_Other_TIV	0.197382979
M	SDY1276_WholeBlood_Discovery	0.437925532
M	SDY1276_WholeBlood_Validation	0.413670213
M	SDY144_Other_TIV	0.303659574
M	SDY212_PBMC_Older	0.531191489
M	SDY212_PBMC_Young	0.432957447
M	SDY212_WholeBlood_Older	0.405882979
M	SDY212_WholeBlood_Young	0.383255319
M	SDY269_PBMC_TIV	0.59012766
M	SDY270_PBMC_TIVGroup	0.463170213
M	SDY296_WholeBlood_AIRFV	0.588893617
M	SDY301_Other_AIRFV	0.57243617
M	SDY305_Other_TIV	0.566457447
M	SDY311_GroupA	0.395287234
M	SDY311_GroupB	0.566787234
M	SDY311_GroupC	0.558904255
M	SDY312_Other_GroupA	0.52412766
M	SDY312_Other_GroupB	0.505010638
M	SDY312_Other_GroupC	0.481218085
M	SDY315_Other_GroupA	0.309787234
M	SDY315_Other_GroupB	0.479154255
M	SDY315_Other_GroupC	0.486021277
M	SDY364_WholeBlood_NCH2012	0.502585106
M	SDY368_WholeBlood_NCH2013	0.266595745
M	SDY372_WholeBlood_JDM2012	0.504255319
M	SDY387_WholeBlood_NCH2010	0.45637234
M	SDY400_PBMC_Older	0.549159574
M	SDY400_PBMC_Young	0.464196809
M	SDY404_PBMC_Older	0.62606383
M	SDY404_PBMC_Young	0.463734043
M	SDY520_WholeBlood_Older	0.491989362
M	SDY520_WholeBlood_Young	0.396744681
M	SDY56_PBMC_Older	0.392053191
M	SDY56_PBMC_Young	0.61012766
M	SDY63_PBMC_Young	0.468856383
M	SDY67_PBMC_HealthyAdults	0.36756383
M	SDY739_old	0.571601064
M	SDY739_young	0.467106383
M	SDY80_PBMC_Cohort2	0.483281915
N	GSE107990	0.520638298
N	SDY1119_PBMC_oldHealthy	0.332659574
N	SDY1119_PBMC_youngHealthy	0.197382979
N	SDY1119_PBMC_youngT2D	0.593382979
N	SDY112_Other_GroupA	0.485457447
N	SDY112_Other_GroupB	0.386547872
N	SDY112_Other_GroupC	0.588893617
N	SDY113_Other_IDTIV	0.279
N	SDY113_Other_TIV	0.512212766
N	SDY1276_WholeBlood_Discovery	0.414702128
N	SDY1276_WholeBlood_Validation	0.503414894
N	SDY144_Other_TIV	0.410787234
N	SDY212_PBMC_Older	0.550787234
N	SDY212_PBMC_Young	0.502212766
N	SDY212_WholeBlood_Older	0.348914894
N	SDY212_WholeBlood_Young	0.45706383
N	SDY269_PBMC_TIV	0.467106383
N	SDY270_PBMC_TIVGroup	0.429702128
N	SDY296_WholeBlood_AIRFV	0.490308511
N	SDY301_Other_AIRFV	0.379851064
N	SDY305_Other_TIV	0.497457447
N	SDY311_GroupA	0.476553191
N	SDY311_GroupB	0.309787234
N	SDY311_GroupC	0.503414894
N	SDY312_Other_GroupA	0.562962766
N	SDY312_Other_GroupB	0.538138298
N	SDY312_Other_GroupC	0.520239362
N	SDY315_Other_GroupA	0.588893617
N	SDY315_Other_GroupB	0.627446809
N	SDY315_Other_GroupC	0.430654255
N	SDY364_WholeBlood_NCH2012	0.506914894
N	SDY368_WholeBlood_NCH2013	0.514265957
N	SDY372_WholeBlood_JDM2012	0.405882979
N	SDY387_WholeBlood_NCH2010	0.330553191
N	SDY400_PBMC_Older	0.339574468
N	SDY400_PBMC_Young	0.419042553
N	SDY404_PBMC_Older	0.481755319
N	SDY404_PBMC_Young	0.617154255
N	SDY520_WholeBlood_Older	0.523941489
N	SDY520_WholeBlood_Young	0.384340426
N	SDY56_PBMC_Older	0.718324468
N	SDY56_PBMC_Young	0.321744681
N	SDY63_PBMC_Young	0.44087234
N	SDY67_PBMC_HealthyAdults	0.447510638
N	SDY739_old	0.507356383
N	SDY739_young	0.422893617
N	SDY80_PBMC_Cohort2	0.633968085
N	GSE107990	0.660521277
N	SDY1119_PBMC_oldHealthy	0.454069149
N	SDY1119_PBMC_youngHealthy	0.334765957
N	SDY1119_PBMC_youngT2D	0.381297872
N	SDY112_Other_GroupA	0.523042553
N	SDY112_Other_GroupB	0.406819149
N	SDY112_Other_GroupC	0.375031915
N	SDY113_Other_IDTIV	0.57037766
N	SDY113_Other_TIV	0.508648936
N	SDY1276_WholeBlood_Discovery	0.527202128
N	SDY1276_WholeBlood_Validation	0.368659574
N	SDY144_Other_TIV	0.553776596
N	SDY212_PBMC_Older	0.518191489
N	SDY212_PBMC_Young	0.347382979
N	SDY212_WholeBlood_Older	0.596106383
N	SDY212_WholeBlood_Young	0.515085106
N	SDY269_PBMC_TIV	0.486659574
N	SDY270_PBMC_TIVGroup	0.523042553
N	SDY296_WholeBlood_AIRFV	0.532489362
N	SDY301_Other_AIRFV	0.453553191
N	SDY305_Other_TIV	0.65625
N	SDY311_GroupA	0.694994681
N	SDY311_GroupB	0.465351064
N	SDY311_GroupC	0.372382979
N	SDY312_Other_GroupA	0.478734043
N	SDY312_Other_GroupB	0.452542553
N	SDY312_Other_GroupC	0.424414894
N	SDY315_Other_GroupA	0.536085106
N	SDY315_Other_GroupB	0.631851064
N	SDY315_Other_GroupC	0.366468085
N	SDY364_WholeBlood_NCH2012	0.584404255
N	SDY368_WholeBlood_NCH2013	0.468510638
N	SDY372_WholeBlood_JDM2012	0.506244681
N	SDY387_WholeBlood_NCH2010	0.400531915
N	SDY400_PBMC_Older	0.55112766
N	SDY400_PBMC_Young	0.608015957
N	SDY404_PBMC_Older	0.400531915
N	SDY404_PBMC_Young	0.376361702
N	SDY520_WholeBlood_Older	0.582478723
N	SDY520_WholeBlood_Young	0.627712766
N	SDY56_PBMC_Older	0.480680851
N	SDY56_PBMC_Young	0.295404255
N	SDY63_PBMC_Young	0.620797872
N	SDY67_PBMC_HealthyAdults	0.575393617
N	SDY739_old	0.621989362
N	SDY739_young	0.468856383
N	SDY80_PBMC_Cohort2	0.527202128
O	GSE107990	0.571601064
O	SDY1119_PBMC_oldHealthy	0.303659574
O	SDY1119_PBMC_youngHealthy	0.496574468
O	SDY1119_PBMC_youngT2D	0.55037234
O	SDY112_Other_GroupA	0.393829787
O	SDY112_Other_GroupB	0.58762766
O	SDY112_Other_GroupC	0.569728723
O	SDY113_Other_IDTIV	0.633297872
O	SDY113_Other_TIV	0.529414894
O	SDY1276_WholeBlood_Discovery	0.494319149
O	SDY1276_WholeBlood_Validation	0.648042553
O	SDY144_Other_TIV	0.451909574
O	SDY212_PBMC_Older	0.397840426
O	SDY212_PBMC_Young	0.508648936
O	SDY212_WholeBlood_Older	0.383255319
O	SDY212_WholeBlood_Young	0.589861702
O	SDY269_PBMC_TIV	0.518904255
O	SDY270_PBMC_TIVGroup	0.443829787
O	SDY296_WholeBlood_AIRFV	0.646946809
O	SDY301_Other_AIRFV	0.437138298
O	SDY305_Other_TIV	0.602425532
O	SDY311_GroupA	0.600925532
O	SDY311_GroupB	0.482265957
O	SDY311_GroupC	0.571015957
O	SDY312_Other_GroupA	0.62606383
O	SDY312_Other_GroupB	0.61412234
O	SDY312_Other_GroupC	0.594042553
O	SDY315_Other_GroupA	0.475297872
O	SDY315_Other_GroupB	0.584085106
O	SDY315_Other_GroupC	0.712180851
O	SDY364_WholeBlood_NCH2012	0.682335106
O	SDY368_WholeBlood_NCH2013	0.28506383
O	SDY372_WholeBlood_JDM2012	0.537335106
O	SDY387_WholeBlood_NCH2010	0.462606383
O	SDY400_PBMC_Older	0.575393617
O	SDY400_PBMC_Young	0.559164894
O	SDY404_PBMC_Older	0.593712766
O	SDY404_PBMC_Young	0.550787234
O	SDY520_WholeBlood_Older	0.513414894
O	SDY520_WholeBlood_Young	0.321744681
O	SDY56_PBMC_Older	0.316351064
O	SDY56_PBMC_Young	0.325446809
O	SDY63_PBMC_Young	0.406819149
O	SDY67_PBMC_HealthyAdults	0.359595745
O	SDY739_old	0.671276596
O	SDY739_young	0.721755319
O	SDY80_PBMC_Cohort2	0.518191489